score,subreddit,title,body_preview,url,upvotes,comments,hours_ago,primary_hits,context_hits
91,ecommerce,Paypal freezes 45K right before payroll and support keeps saying investigate,"I run a small online store selling custom fitness gear. Been using PayPal as my main processor for two years, everything smooth until last week. Sales spiked over Easter, pulled in about 45k in the last 10 days from 300+ orders. Thought we were killing it.

Then yesterday morning I log in and the en",https://reddit.com/r/ecommerce/comments/1t9wgj5/paypal_freezes_45k_right_before_payroll_and/,21,45,8.8,payment,"free, wave, stripe, paypal"
88,plumbing,Can we have some type of ban on posts from software developers fishing for information or fishing for interest in their programs?,"Im seeing it alot. A post asking about how plumbers handle scheduling, invoices, or missed calls. 

They are fishing for information that they can use to try to create or improve their programs. I would not be surprised if they are personally messaging anybody that shows even the slightest interest ",https://reddit.com/r/Plumbing/comments/1ta29es/can_we_have_some_type_of_ban_on_posts_from/,104,14,3.8,invoice,
74,smallbusiness,Trying to stay organized with invoices and receipts as a new business owner,"I recently started a small business and one thing that surprised me was how messy it gets trying to keep track of invoices, receipts, overdue payments, and follow ups once things start getting busy.

I’ve mostly just been using email and spreadsheets, but it already feels a bit chaotic. 

Curious ho",https://reddit.com/r/smallbusiness/comments/1t9r21d/trying_to_stay_organized_with_invoices_and/,1,19,13.5,"invoice, payment, overdue",spreadsheet
67,personaltraining,"New Trainer, advice","New trainer here — how do you guys spend your unpaid floor hours?

Just got started and trying to be smart about my time at the gym when I'm not with clients. My plan is to get my own workouts in and just be present on the floor, talk to members, make some connections, maybe hand out some free sessi",https://reddit.com/r/personaltraining/comments/1t8qe4y/new_trainer_advice/,7,21,41.2,unpaid,"how do you, free"
66,smallbusiness,Pause work on client,"I'm working for a client and got invoices pile up, hesitant to suspend the work.  How do you currently handle the decision to suspend work on a client who's overdue?",https://reddit.com/r/smallbusiness/comments/1t8t25t/pause_work_on_client/,1,28,39.1,"invoice, overdue",how do you
60,smallbusiness,Preferred methods of payment with customer who is slow to communicate and execute?,"This will be my first venture in getting compensated in more than one way. The customer is in a lawsuit and catching up on unpaid taxes. I offered a flat rate, payable in equal amounts over selected months as invoiced, but I am also quoting an hourly fee and reimbursement of transportation and trave",https://reddit.com/r/smallbusiness/comments/1t9majz/preferred_methods_of_payment_with_customer_who_is/,4,13,17.1,"invoice, payment, unpaid",
58,smallbusiness,ocr invoice processing software recs?,Our small business is getting cooked by manual invo͏ice entry rn. Need recs for invoice proces͏sing soft͏ware with OCR that can handle vendor invoices and receipts. Preferably something easy to set up and not enterprise level confusing lol.,https://reddit.com/r/smallbusiness/comments/1t9tuc5/ocr_invoice_processing_software_recs/,8,29,11.1,invoice,
57,webdesign,"how do you handle the ""client portal"" problem? sharing files, updates, invoices with clients","curious how other web designers handle the operational side of projects. specifically: how do you share deliverables and project updates with clients? do they have one place to go, or is it scattered across email + drive links + separate invoicing? i've been building something specifically for this ",https://reddit.com/r/webdesign/comments/1t9g98e/how_do_you_handle_the_client_portal_problem/,0,16,21.2,"invoice, invoicing",how do you
56,smallbusiness,Best way to transfer LLC ownership between spouses without a big tax hit?,"Quick background: husband started the LLC in 2017. I joined full-time in 2020, got 15% as partner shortly after. For the last 4 years I've been running the business and vertically integrating it. 2022–2023 we took personal loans to fund expansion — I made my $60k salary those years, he took $0. Now ",https://reddit.com/r/smallbusiness/comments/1t8yzue/best_way_to_transfer_llc_ownership_between/,6,25,34.2,payment,
53,plumbing,Can we have some type of ban on posts from software developers fishing for information or fishing for interest in their programs?,"Im seeing it alot. A post asking about how plumbers handle scheduling, invoices, or missed calls. 

They are fishing for information that they can use to try to create or improve their programs. I would not be surprised if they are personally messaging anybody that shows even the slightest interest ",https://reddit.com/r/Plumbing/comments/1ta28fs/can_we_have_some_type_of_ban_on_posts_from/,35,4,3.8,invoice,
47,smallbusiness,My online shop was doing really well until I changed how I collected payments and now I'm trying to figure out what went wrong,"I know this sounds like a weird thing to mess up but bear with me.

I've been running a small digital product shop for about a year and a half. nothing fancy, templates and some downloadable resources, mostly sold to small business owners and freelancers. It was never going to make me rich but it wa",https://reddit.com/r/smallbusiness/comments/1t9v621/my_online_shop_was_doing_really_well_until_i/,3,12,10.0,payment,"template, free"
47,smallbusiness,Your bank balance and your actual available cash are probably two very different numbers,"This one took me longer to really internalize than I'd like to admit.

I used to look at the bank account, see a number I felt okay about, and make purchasing and reorder decisions based on that. Seemed reasonable. The number was right there.

The problem is that number doesn't account for any of th",https://reddit.com/r/smallbusiness/comments/1ta2q4h/your_bank_balance_and_your_actual_available_cash/,0,11,3.5,"payment, cash flow",spreadsheet
42,smallbusiness,What’s one process in your business that became unexpectedly difficult as you grew?,"I’ve noticed that a lot of business tasks seem manageable at first, but once volume increases, certain processes suddenly become much harder to handle consistently.

Things like:

* invoicing
* customer follow-ups
* payments
* inventory
* internal communication

all seem simple individually, but tog",https://reddit.com/r/smallbusiness/comments/1t9uuzs/whats_one_process_in_your_business_that_became/,2,10,10.2,"invoicing, payment",
40,graphic_design,Portfolio review. Please help me understanding at what level I am. Thanks. ^^,"Hi guys! To give you a little bit of context:  
I've loved logo design since I was 12 (28 now), but due to.. stuff, I always just kept it as a hobby of mine. And that hobby was just fully theory, reading books, studying random topics whenever I felt like it and such.

I started a design course about",https://reddit.com/r/graphic_design/comments/1t9zj37/portfolio_review_please_help_me_understanding_at/,5,10,5.9,unpaid,free
40,videography,How do you deal with clients who won't pay?,So I've recently done some editing for a YouTube channel. Now the commission was for 3-days of editing (which I did) however before taking the job I caveated that what they were after was going to be more of a 5-6 day edit. I was very transparent that I couldn't deliver what they wanted in the 3 day,https://reddit.com/r/videography/comments/1ta7my7/how_do_you_deal_with_clients_who_wont_pay/,1,12,0.6,pay me,how do you
39,smallbusiness,Are clients taking longer to pay for anyone else?,"Not sure if this is just a rough patch or a wider trend, but we’ve noticed payment timing getting noticeably worse over the last few months.

Clients who used to pay pretty reliably within a couple of weeks are now drifting into 45–60 day territory. Nobody’s arguing the invoices — payment just seems",https://reddit.com/r/smallbusiness/comments/1ta5gpf/are_clients_taking_longer_to_pay_for_anyone_else/,1,4,1.8,"invoice, payment, cash flow",
39,sidehustle,The job market is so bad I might get paid for my app before I can find something part time,"So starting in January, I started doing two things. I started working on a productivity app for people with ADHD and dyslexia, and I also started looking for a part-time job. 

And basically the idea at the time was, ""we're going to see which one makes money first"".

While I have been putting in two",https://reddit.com/r/sidehustle/comments/1t8t4sr/the_job_market_is_so_bad_i_might_get_paid_for_my/,8,8,39.1,get paid,app for
32,smallbusiness,Small Businesses Need Better Accounting System?? I got you covered,"**TallyOpen** is an open-source, web-based accounting application tailored for small businesses, featuring automated bill scanning, invoice generation, and a financial dashboard . While offering a free alternative to complex ERP systems, the platform is currently limited by a lack of **mobile optimi",https://reddit.com/r/smallbusiness/comments/1t8zesd/small_businesses_need_better_accounting_system_i/,0,6,33.8,invoice,"alternative, free"
27,smallbusiness,Statuatory Demand Form,"Hi, i am an architect, based in England who runs my own company. A client owes the business £850 for architectural services provided. It’s been 2 months and the client still has not paid, i have chased multiple times for payment of my invoice. 

I am thinking of going down the statutory demand route",https://reddit.com/r/smallbusiness/comments/1ta4z0i/statuatory_demand_form/,1,3,2.1,"invoice, payment",
25,smallbusiness,Payment Processors and Customer Refunds,"I'm not so new to payment processors (have used stripe for a few months) but recently opened a new account with them and that account has been closed for invalid reasons (that's by the by) and in this process I've learned that in situations where there is any concern, stripe can close your account a",https://reddit.com/r/smallbusiness/comments/1t97r8c/payment_processors_and_customer_refunds/,0,5,26.5,payment,stripe
24,smallbusiness,what ops stuff do you hate dealing with when things get busy?,Ive been working with small businesses on their operations for a while now and the same problems just keep coming up no matter what industry it is. I just wrapped up a project with a hazmat cleanup company in Palmetto Georgia that was losing over a hundred grand a year because their invoicing was so,https://reddit.com/r/smallbusiness/comments/1t8k7ju/what_ops_stuff_do_you_hate_dealing_with_when/,0,2,44.2,"invoice, invoicing",
24,smallbusiness,Payment processor or merchant for Lead Generation?,"UK - About to start a simple venture, fictional example: Builder pays me 200-300 via website to promote their business to my newsletter and place their ad/logo on the website/forum, Any enquiries/leads are sent to the builder/member/dashboard. All parties agreed and happy.

If Stripe doesn't like th",https://reddit.com/r/smallbusiness/comments/1ta08vx/payment_processor_or_merchant_for_lead_generation/,0,2,5.3,payment,"free, stripe"
23,photography,Independent Contractor Agreement,"I'm in a situation where I shot an event for someone, agreed to a rate, and delivered the gallery in full already. No contract or agreement was discussed/signed before delivery.

Now, upon sending the invoice, they're asking to have an independent contractor agreement signed that includes clauses fo",https://reddit.com/r/photography/comments/1t9pg84/independent_contractor_agreement/,7,3,14.8,invoice,
21,graphic_design,Pricing help.,"I graduated In 2021 but after graduating my fine art work took off and I mainly went down that route. I’ve done quite a few small design projects mostly for very little money to build a portfolio or as favours for friends.

I was recently asked to design a poster for a small music festival by my fri",https://reddit.com/r/graphic_design/comments/1ta4qk1/pricing_help/,1,0,2.3,"getting paid, pay me",
19,ecommerce,"TikTok Ads registration blocked – company in a non-supported country, target market is supported. Any workaround?","Hey all,

Running into a wall with TikTok Ads setup and hoping someone here has solved this before.

**My situation**: I run an e-commerce brand that's been live for several years, with consistent results on Meta Ads. I want to add TikTok as a second paid channel.

**The problem**: My operating comp",https://reddit.com/r/ecommerce/comments/1t9wnoc/tiktok_ads_registration_blocked_company_in_a/,4,0,8.6,payment,recommendations
18,plumbing,Is it just me or do most best plumbing software lists ignore smaller crews?,"I’ve been comparing a bunch of tools lately after a customer pointed out that my estimates sometimes take too long to send over. Fair criticism honestly. But every time I search for plumbing software, it feels like the options are either giant systems built for companies with huge office staff or su",https://reddit.com/r/Plumbing/comments/1t9wurx/is_it_just_me_or_do_most_best_plumbing_software/,0,4,8.4,invoicing,
15,smallbusiness,Parking lot,"Hey everyone — I’m based in San Antonio, TX and have been looking into the idea of buying or investing in a parking lot as an additional income stream. 

I’m trying to understand:  
\- How people typically get into this space  
\- Whether it’s better to buy land and develop it vs acquire an existing",https://reddit.com/r/smallbusiness/comments/1t9p7ix/parking_lot/,1,2,14.9,cash flow,
